codon,three.letter,one.letter,decoding.time
AAA,Lys,K,0.796278477
AAC,Asn,N,0.822004616
AAG,Lys,K,1.061299443
AAU,Asn,N,1.530413151
ACA,Thr,T,1.229461312
ACC,Thr,T,1.557676077
ACG,Thr,T,1.118100882
ACU,Thr,T,1.031956077
AGA,Arg,R,0.798665166
AGC,Ser,S,1.024565935
AGG,Arg,R,1.157441616
AGU,Ser,S,1.849716902
AUA,Ile,I,1.094566464
AUC,Ile,I,1.572562933
AUG,Met,M,0.877237558
AUU,Ile,I,0.848543048
CAA,Gln,Q,0.889770508
CAC,His,H,1.048470736
CAG,Gln,Q,1.040027618
CAU,His,H,1.889444351
CCA,Pro,P,1.26680243
CCC,Pro,P,1.748425841
CCG,Pro,P,1.310753226
CCU,Pro,P,0.959451616
CGA,Arg,R,1.124306202
CGC,Arg,R,2.010044575
CGG,Arg,R,1.232446671
CGU,Arg,R,1.125585318
CUA,Leu,L,1.483743072
CUC,Leu,L,1.656076193
CUG,Leu,L,1.142526269
CUU,Leu,L,1.002638102
GAA,Glu,E,0.874506295
GAC,Asp,D,0.941328287
GAG,Glu,E,1.158950925
GAU,Asp,D,1.718842506
GCA,Ala,A,1.327420115
GCC,Ala,A,1.556132436
GCG,Ala,A,1.281212807
GCU,Ala,A,0.955895185
GGA,Gly,G,0.839501798
GGC,Gly,G,0.947973192
GGG,Gly,G,1.200200081
GGU,Gly,G,1.733400345
GUA,Val,V,1.368346453
GUC,Val,V,1.717075944
GUG,Val,V,1.055729866
GUU,Val,V,0.939805269
UAA,Stop,*,0.1
UAC,Tyr,Y,0.982370615
UAG,Stop,*,0.1
UAU,Tyr,Y,1.784284353
UCA,Ser,S,1.362642527
UCC,Ser,S,1.719137669
UCG,Ser,S,1.293722868
UCU,Ser,S,0.940414488
UGA,Stop,*,0.1
UGC,Cys,C,0.825868428
UGG,Trp,W,0.94479537
UGU,Cys,C,1.5376966
UUA,Leu,L,1.159024
UUC,Phe,F,0.942598641
UUG,Leu,L,1.304859638
UUU,Phe,F,1.721537352
