codon,three.letter,one.letter,decoding.time
AAA,Lys,K,0.044925601
AAC,Asn,N,0.038990512
AAG,Lys,K,0.248731172
AAU,Asn,N,0.82252189
ACA,Thr,T,0.427709971
ACC,Thr,T,0.786486767
ACG,Thr,T,0.5837598
ACU,Thr,T,0.337205729
AGA,Arg,R,0.034798776
AGC,Ser,S,0.080258447
AGG,Arg,R,0.632121034
AGU,Ser,S,0.799172574
AUA,Ile,I,0.3024142
AUC,Ile,I,0.693137796
AUG,Met,M,0.15678902
AUU,Ile,I,0.371665658
CAA,Gln,Q,0.081232619
CAC,His,H,0.034322123
CAG,Gln,Q,0.214836764
CAU,His,H,0.815086922
CCA,Pro,P,0.598727649
CCC,Pro,P,0.80393865
CCG,Pro,P,0.480322145
CCU,Pro,P,0.261405557
CGA,Arg,R,0.611335179
CGC,Arg,R,0.793549164
CGG,Arg,R,0.802494764
CGU,Arg,R,0.111912145
CUA,Leu,L,0.483594942
CUC,Leu,L,0.881463934
CUG,Leu,L,0.197432176
CUU,Leu,L,0.330643987
GAA,Glu,E,0.084133497
GAC,Asp,D,0.043993231
GAG,Glu,E,0.231449143
GAU,Asp,D,0.745195726
GCA,Ala,A,0.462871818
GCC,Ala,A,1.015045287
GCG,Ala,A,0.488166727
GCU,Ala,A,0.535983524
GGA,Gly,G,0.065912746
GGC,Gly,G,0.342053665
GGG,Gly,G,0.487205315
GGU,Gly,G,0.798414086
GUA,Val,V,0.539044402
GUC,Val,V,0.833184883
GUG,Val,V,0.454759493
GUU,Val,V,0.096193668
UAA,Stop,*,
UAC,Tyr,Y,0.206578316
UAG,Stop,*,
UAU,Tyr,Y,1.079895415
UCA,Ser,S,0.624198445
UCC,Ser,S,1.000983709
UCG,Ser,S,0.778993412
UCU,Ser,S,0.377651621
UGA,Stop,*,
UGC,Cys,C,3.681908502
UGG,Trp,W,0.277355939
UGU,Cys,C,4.334671517
UUA,Leu,L,0.778555742
UUC,Phe,F,0.270354796
UUG,Leu,L,0.704327025
UUU,Phe,F,1.140097945
