codon,three.letter,one.letter,decoding.time,Frequency,tAI
AAA,Lys,K,0.052,0.58,0.431034
AAC,Asn,N,0.121,0.4,0.615764
AAG,Lys,K,0.071,0.42,1
AAU,Asn,N,0.135,0.6,0.27032
ACA,Thr,T,0.39,0.31,0.246373
ACC,Thr,T,0.117,0.21,0.487685
ACG,Thr,T,0.267,0.14,0.140394
ACU,Thr,T,0.113,0.34,0.67734
AGA,Arg,R,0.0316,0.47,0.67734
AGC,Ser,S,0.327,0.11,0.123153
AGG,Arg,R,0.529,0.21,0.278325
AGU,Ser,S,0.326,0.16,0.054064
AUA,Ile,I,0.595,0.28,0.123233
AUC,Ile,I,0.087,0.26,0.576355
AUG,Met,M,0.172,1,0.615764
AUU,Ile,I,0.086,0.46,0.800493
CAA,Gln,Q,0.105,0.68,0.554187
CAC,His,H,0.251,0.36,0.431034
CAG,Gln,Q,1.233,0.32,0.238916
CAU,His,H,0.184,0.64,0.189224
CCA,Pro,P,0.233,0.41,0.615776
CCC,Pro,P,0.918,0.16,0.08867
CCG,Pro,P,0.056,0.12,0.197044
CCU,Pro,P,0.927,0.31,0.123153
CGA,Arg,R,0.145,0.07,3.70E-05
CGC,Arg,R,0.103,0.06,0.26601
CGG,Arg,R,0.44,0.04,0.061576
CGU,Arg,R,0.101,0.14,0.369458
CUA,Leu,L,0.451,0.14,0.184729
CUC,Leu,L,1.411,0.06,0.061576
CUG,Leu,L,0.33,0.11,0.059113
CUU,Leu,L,0.496,0.13,0.027032
GAA,Glu,E,0.069,0.7,0.862069
GAC,Asp,D,0.151,0.35,0.985222
GAG,Glu,E,0.569,0.3,0.399015
GAU,Asp,D,0.157,0.65,0.432512
GCA,Ala,A,0.495,0.3,0.30795
GCC,Ala,A,0.139,0.22,0.487685
GCG,Ala,A,0.056,0.11,0.098522
GCU,Ala,A,0.14,0.37,0.67734
GGA,Gly,G,0.253,0.23,0.184729
GGC,Gly,G,0.07,0.2,0.985222
GGG,Gly,G,0.323,0.12,0.182266
GGU,Gly,G,0.068,0.45,0.432512
GUA,Val,V,1.022,0.22,0.123239
GUC,Val,V,0.129,0.2,0.62069
GUG,Val,V,0.464,0.2,0.162562
GUU,Val,V,0.131,0.39,0.862069
UAA,Stop,*,,,
UAC,Tyr,Y,0.216,0.43,0.492611
UAG,Stop,*,,,
UAU,Tyr,Y,0.226,0.57,0.216256
UCA,Ser,S,0.829,0.21,0.184797
UCC,Ser,S,0.118,0.16,0.487685
UCG,Ser,S,1.372,0.1,0.12069
UCU,Ser,S,0.121,0.26,0.67734
UGA,Stop,*,,,
UGC,Cys,C,0.166,0.38,0.246305
UGG,Trp,W,0.067,1,0.369458
UGU,Cys,C,0.166,0.62,0.108128
UUA,Leu,L,0.187,0.28,0.431034
UUC,Phe,F,0.175,0.41,0.615764
UUG,Leu,L,0.119,0.28,0.753695
UUU,Phe,F,0.174,0.59,0.27032
